<?xml version="1.0" encoding="UTF-8"?>
<project-private xmlns="http://www.netbeans.org/ns/project-private/1">
    <editor-bookmarks xmlns="http://www.netbeans.org/ns/editor-bookmarks/2" lastBookmarkId="0"/>
    <open-files xmlns="http://www.netbeans.org/ns/projectui-open-files/2">
        <group>
            <file>file:/C:/Users/isaac/OneDrive/Documentos/NetBeansProjects/demo/demo/src/back_end/jdbc/conexion.java</file>
            <file>file:/C:/Users/isaac/OneDrive/Documentos/NetBeansProjects/demo/demo/src/front_end/AlumnoFXMLController.java</file>
            <file>file:/C:/Users/isaac/OneDrive/Documentos/NetBeansProjects/demo/demo/src/back_end/jdbc/AlumnoDAO.java</file>
            <file>file:/C:/Users/isaac/OneDrive/Documentos/NetBeansProjects/demo/demo/src/back_end/model/alumno.java</file>
        </group>
    </open-files>
</project-private>
